horizon,k,p_convolution_exact,p_convolution_empirical,p_path_count,abs_diff_exact,abs_diff_empirical
5,0,0.16806999999999994,0.16711179269263335,0.16806999999999994,0.0,0.0009582073073665931
5,1,0.3601499999999999,0.3594624373708818,0.3601499999999999,0.0,0.0006875626291181214
5,2,0.3086999999999999,0.30928575847014084,0.3086999999999999,0.0,0.000585758470140918
5,3,0.13229999999999997,0.13305657343795532,0.13229999999999997,0.0,0.000756573437955349
5,4,0.02835,0.028620864766974365,0.028349999999999993,6.938893903907228e-18,0.00027086476697437203
5,5,0.00243,0.002462573261414728,0.0024299999999999994,4.336808689942018e-19,3.2573261414728556e-05
10,0,0.028247524899999984,0.02792635125694566,0.028247524899999984,0.0,0.0003211736430543226
10,1,0.12106082099999994,0.12014082462942294,0.12106082099999993,1.3877787807814457e-17,0.000919996370576992
10,2,0.23347444049999988,0.23258383898510715,0.23347444049999988,0.0,0.0008906015148927304
10,3,0.2668279319999999,0.2668238702010688,0.2668279319999998,5.551115123125783e-17,4.06179893103209e-06
10,4,0.20012094899999994,0.2008811288241456,0.2001209489999999,2.7755575615628914e-17,0.0007601798241456958
10,5,0.10291934519999997,0.10370430815269391,0.10291934519999994,2.7755575615628914e-17,0.0007849629526939655
10,6,0.03675690899999999,0.03717850864360498,0.03675690899999999,0.0,0.0004215996436049904
10,7,0.009001691999999997,0.009139666067339309,0.009001691999999995,1.734723475976807e-18,0.00013797406733931372
10,8,0.0014467004999999997,0.0014744770200169825,0.0014467004999999993,4.336808689942018e-19,2.7776520016983223e-05
10,9,0.00013778099999999996,0.00014096195258743587,0.00013778099999999996,0.0,3.1809525874359134e-06
10,10,5.904899999999999e-06,6.064267067834771e-06,5.9048999999999975e-06,1.6940658945086007e-21,1.593670678347736e-07
50,0,1.7984650426474064e-08,1.6985212369764356e-08,1.7984650426474064e-08,0.0,9.99438056709708e-10
50,1,3.853853662815872e-07,3.65356970882803e-07,3.853853662815871e-07,1.0587911840678754e-22,2.002839539878412e-08
50,2,4.046546345956665e-06,3.850879194247575e-06,4.046546345956665e-06,0.0,1.9566715170908987e-07
50,3,2.7747746372274268e-05,2.6506738252395204e-05,2.774774637227427e-05,3.3881317890172014e-21,1.2410081198790677e-06
50,4,0.00013972972280323833,0.00013398943890055153,0.00013972972280323833,0.0,5.7402839026867965e-06
50,5,0.0005509343356241968,0.0005303160950169198,0.0005509343356241968,0.0,2.0618240607277074e-05
50,6,0.0017708603645063472,0.0017110885445626009,0.001770860364506347,2.168404344971009e-19,5.977181994374606e-05
50,7,0.004770480981935467,0.00462704296849357,0.004770480981935465,1.734723475976807e-18,0.00014343801344189524
50,8,0.010989143690529914,0.010699375102203097,0.010989143690529909,5.204170427930421e-18,0.0002897685883268119
50,9,0.021978287381059825,0.02148036252402636,0.02197828738105982,3.469446951953614e-18,0.0004979248570334618
50,10,0.038618990683862264,0.03788801701034215,0.03861899068386226,6.938893903907228e-18,0.0007309736735201106
50,11,0.060185440026798334,0.05927145577652859,0.06018544002679833,6.938893903907228e-18,0.0009139842502697351
50,12,0.08382972003732626,0.08287153198960862,0.08382972003732625,1.3877787807814457e-17,0.0009581880477176341
50,13,0.10501745147533184,0.10421303019429046,0.10501745147533177,6.938893903907228e-17,0.0008044212810413148
50,14,0.11894833789552892,0.11848738771354764,0.11894833789552885,6.938893903907228e-17,0.0004609501819812095
50,15,0.12234686183540114,0.12233754996877044,0.1223468618354011,4.163336342344337e-17,9.311866630654086e-06
50,16,0.1147001829706886,0.11512887282530171,0.11470018297068854,5.551115123125783e-17,0.0004286898546131679
50,17,0.0983144425463045,0.09905825213344038,0.09831444254630448,2.7755575615628914e-17,0.0007438095871359074
50,18,0.07724706200066783,0.07812832395574168,0.0772470620006678,2.7755575615628914e-17,0.0008812619550738754
50,19,0.05575727783506852,0.056608454404160166,0.0557572778350685,2.0816681711721685e-17,0.0008511765690916648
50,20,0.037038763133295516,0.03774760552259102,0.037038763133295495,2.0816681711721685e-17,0.0007088423892955276
50,21,0.02267679375507889,0.023198920687306678,0.02267679375507888,1.0408340855860843e-17,0.0005221269322277997
50,22,0.01281091595254457,0.013155868066069897,0.01281091595254456,1.0408340855860843e-17,0.0003449521135253375
50,23,0.006683956149153687,0.006890109392079586,0.006683956149153683,4.336808689942018e-18,0.00020615324292590307
50,24,0.0032226217147705277,0.003334686811040807,0.003222621714770527,8.673617379884035e-19,0.00011206509627028011
50,25,0.0014363685357262923,0.0014919861906057177,0.0014363685357262918,4.336808689942018e-19,5.5617654879425854e-05
50,26,0.0005919101108762194,0.000617174361542587,0.0005919101108762191,3.2526065174565133e-19,2.5264250666367865e-05
50,27,0.0002254895660480836,0.0002360107398322021,0.00022548956604808354,5.421010862427522e-20,1.0521173784118568e-05
50,28,7.93815309046825e-05,8.340229151965038e-05,7.938153090468244e-05,5.421010862427522e-20,4.0207606149679335e-06
50,29,2.5808773594625832e-05,2.7219433261680264e-05,2.580877359462582e-05,1.0164395367051604e-20,1.4106596670544424e-06
50,30,7.74263207838775e-06,8.19697349482179e-06,7.742632078387746e-06,3.3881317890172014e-21,4.5434141643404375e-07
50,31,2.1408199295081335e-06,2.275088236549046e-06,2.140819929508133e-06,4.235164736271502e-22,1.34268307040913e-07
50,32,5.447622142051948e-07,5.811366691185062e-07,5.447622142051945e-07,3.1763735522036263e-22,3.637445491331175e-08
50,33,1.2734701111290266e-07,1.3636824688281153e-07,1.273470111129026e-07,5.293955920339377e-23,9.02123576990892e-09
50,34,2.728864523847914e-08,2.933321557662307e-08,2.7288645238479135e-08,6.617444900424222e-24,2.044570338143935e-09
50,35,5.346346822232648e-09,5.7688337662296296e-09,5.346346822232647e-09,8.271806125530277e-25,4.224869439969825e-10
50,36,9.547047896844015e-10,1.034077753671978e-09,9.547047896844013e-10,2.0679515313825692e-25,7.937296398757661e-11
50,37,1.5481699292179483e-10,1.6832782779792478e-10,1.548169929217948e-10,2.5849394142282115e-26,1.3510834876129972e-11
50,38,2.2698732044924807e-11,2.4773769188132498e-11,2.2698732044924804e-11,3.2311742677852644e-27,2.075037143207694e-12
50,39,2.9932393905395353e-12,3.2793301231254423e-12,2.993239390539535e-12,4.0389678347315804e-28,2.8609073258590746e-13
50,40,3.527746424564453e-13,3.879665157107216e-13,3.527746424564452e-13,1.0097419586828951e-28,3.519187325427641e-14
50,41,3.687539816617895e-14,4.070865934789064e-14,3.6875398166178944e-14,6.310887241768095e-30,3.833261181711693e-15
50,42,3.3865161581184744e-15,3.752808740145523e-15,3.386516158118474e-15,3.944304526105059e-31,3.662925820270493e-16
50,43,2.700212219097787e-16,3.0036849263896905e-16,2.7002122190977863e-16,4.930380657631324e-32,3.034727072919042e-17
50,44,1.841053785748491e-17,2.0557777008159106e-17,1.841053785748491e-17,0.0,2.147239150674197e-18
50,45,1.0520307347134236e-18,1.179210397416907e-18,1.0520307347134232e-18,3.851859888774472e-34,1.2717966270348382e-19
50,46,4.900764292143278e-20,5.514166618107115e-20,4.9007642921432767e-20,1.2037062152420224e-35,6.134023259638383e-21
50,47,1.787512811723992e-21,2.018916839581552e-21,1.7875128117239912e-21,7.52316384526264e-37,2.314040278575609e-22
50,48,4.787980745689263e-23,5.42843772656367e-23,4.787980745689263e-23,0.0,6.404569808744063e-24
50,49,8.375476523071599e-25,9.532025335954514e-25,8.375476523071599e-25,0.0,1.1565488128829153e-25
50,50,7.178979876918513e-27,8.201468023613034e-27,7.178979876918513e-27,0.0,1.0224881466945212e-27
500,0,3.54013649449515e-78,1.9985260485401786e-78,3.540136494495147e-78,2.8764219523228867e-93,1.5416104459549683e-78
500,1,7.586006773918179e-76,4.2988889831299046e-76,7.586006773918173e-76,6.136366831622158e-91,3.287117790788268e-76
500,2,8.111608671825366e-74,4.6142720055535764e-74,8.111608671825361e-74,4.7127297266858175e-89,3.497336666271785e-74
500,3,5.770830169384329e-72,3.295244868405401e-72,5.770830169384328e-72,1.0053823416929744e-87,2.4755853009789265e-72
500,4,3.072967065197158e-70,1.7614101803451173e-70,3.072967065197155e-70,3.217223493417518e-85,1.3115568848520374e-70
500,5,1.3064499980038203e-68,7.517069862554763e-69,1.3064499980038189e-68,1.4413161250510481e-83,5.547430117483426e-69
500,6,4.619233921513507e-67,2.66795774755662e-67,4.6192339215135027e-67,4.612211600163354e-82,1.9512761739568826e-67
500,7,1.3970825860577584e-65,8.099986006246432e-66,1.3970825860577575e-65,8.433758354584419e-81,5.870839854331143e-66
500,8,3.6897949013918275e-64,2.1474230635095673e-64,3.6897949013918275e-64,0.0,1.54237183788226e-64
500,9,8.644662340403713e-63,5.050293508323948e-63,8.644662340403712e-63,1.0795210693868056e-78,3.594368832079764e-63
500,10,1.8190839467735237e-61,1.0667791605637688e-61,1.8190839467735237e-61,0.0,7.523047862097549e-62
500,11,3.472796625658546e-60,2.0443456682158195e-60,3.472796625658545e-60,5.527147875260445e-76,1.4284509574427257e-60
500,12,6.0649912498108204e-59,3.583920403707413e-59,6.064991249810817e-59,3.5373746401666845e-74,2.481070846103404e-59
500,13,9.757304604091257e-58,5.787769644740943e-58,9.757304604091248e-58,8.489699136400043e-73,3.969534959350305e-58
500,14,1.4546349006711556e-56,8.661409571655797e-57,1.4546349006711543e-56,1.3583518618240069e-71,5.884939435055746e-57
500,15,2.0198644620748046e-55,1.2072855373654415e-55,2.019864462074803e-55,1.448908652612274e-70,8.125789247093616e-56
500,16,2.62402035028468e-54,1.5743749327371415e-54,2.6240203502846774e-54,2.3182538441796384e-69,1.0496454175475359e-54
500,17,3.2017458391708867e-53,1.9283284948124638e-53,3.2017458391708834e-53,3.2455553818514937e-68,1.2734173443584196e-53
500,18,3.682007715046519e-52,2.2260353501519318e-52,3.682007715046517e-52,2.2255236904124528e-67,1.455972364894585e-52
500,19,4.003145230043057e-51,2.4294161060986073e-51,4.003145230043055e-51,1.7804189523299623e-66,1.573729123944448e-51
500,20,4.1260989763943786e-50,2.5135839776005126e-50,4.1260989763943767e-50,1.8991135491519597e-65,1.612514998793864e-50
500,21,4.041892874835309e-49,2.4716772162871344e-49,4.041892874835308e-49,1.5192908393215678e-64,1.5702156585481734e-49
500,22,3.77155848125866e-48,2.3151599405147595e-48,3.7715584812586615e-48,1.8231490071858814e-63,1.456398540743902e-48
500,23,3.359263889518583e-47,2.0699386418706434e-47,3.3592638895185835e-47,4.861730685829017e-63,1.28932524764794e-47
500,24,2.861372991607794e-46,1.7698685893248648e-46,2.8613729916077942e-46,3.8893845486632136e-62,1.0915044022829294e-46
500,25,2.3348803611519597e-45,1.4497208267414508e-45,2.33488036115196e-45,3.111507638930571e-61,8.851595344105092e-46
500,26,1.8281343487041434e-44,1.1394126899138488e-44,1.8281343487041444e-44,9.956824444577827e-60,6.887216587902956e-45
500,27,1.3754534623583558e-43,8.605419410424864e-44,1.3754534623583564e-43,5.974094666746696e-59,5.149115213158699e-44
500,28,9.958002362686263e-43,6.25390908509824e-43,9.958002362686265e-43,1.5930919111324523e-58,3.704093277588025e-43
500,29,6.9460745544649e-42,4.3789700668766453e-42,6.9460745544649e-42,0.0,2.5671044875882545e-42
500,30,4.673715878789955e-41,2.9576585925384673e-41,4.673715878789956e-41,1.0195788231247695e-56,1.7160572862514884e-41
500,31,3.0368384281538418e-40,1.9291261034671808e-40,3.0368384281538418e-40,0.0,1.107712324686661e-40
500,32,1.9075141376841317e-39,1.2163537385219417e-39,1.907514137684132e-39,3.2626522339992623e-55,6.911603991621903e-40
500,33,1.159372229137888e-38,7.421098906463807e-39,1.1593722291378879e-38,1.305060893599705e-54,4.1726233849150725e-39
500,34,6.82470795387471e-38,4.3851312396816255e-38,6.824707953874711e-38,1.044048714879764e-53,2.439576714193085e-38
500,35,3.894261926333405e-37,2.5117527142597434e-37,3.894261926333407e-37,1.6704779438076223e-52,1.3825092120736632e-37
500,36,2.1557521377917072e-36,1.3957374922488355e-36,2.1557521377917075e-36,3.3409558876152446e-52,7.60014645542872e-37
500,37,1.1586127319714508e-35,7.530024919528135e-36,1.1586127319714506e-35,1.3363823550460978e-51,4.056102400186372e-36
500,38,6.050049190632877e-35,3.9470281169180233e-35,6.050049190632874e-35,2.1382117680737565e-50,2.1030210737148512e-35
500,39,3.0715634352443836e-34,2.0115183601656506e-34,3.0715634352443823e-34,1.282927060844254e-49,1.0600450750787317e-34
500,40,1.5171329396224946e-33,9.97335659261079e-34,1.5171329396224934e-33,1.1973985901213036e-48,5.197972803614144e-34
500,41,7.29492493616391e-33,4.813840922749239e-33,7.294924936163907e-33,2.7369110631344083e-48,2.481084013414668e-33
500,42,3.4167046384686077e-32,2.263244856194167e-32,3.416704638468605e-32,2.7369110631344083e-47,1.153459782274438e-32
500,43,1.5596518848026143e-31,1.0370626102801475e-31,1.5596518848026121e-31,2.1895288505075267e-46,5.225892745224646e-32
500,44,6.9424764092999494e-31,4.63388138261021e-31,6.942476409299941e-31,8.758115402030107e-46,2.308595026689731e-31
500,45,3.01501832632455e-30,2.0201036520132634e-30,3.0150183263245456e-30,4.5542200090556555e-45,9.949146743112822e-31
500,46,1.2781055948549723e-29,8.596142990409637e-30,1.2781055948549704e-29,1.961817850054744e-44,4.184912958140067e-30
500,47,5.291124073533351e-29,3.5722186889208016e-29,5.291124073533342e-29,8.96831017167883e-44,1.7189053846125407e-29
500,48,2.1400707190273288e-28,1.4503453109422729e-28,2.140070719027325e-28,3.587324068671532e-43,6.897254080850523e-29
500,49,8.46045450437626e-28,5.755594411928761e-28,8.460454504376248e-28,1.2555634240350361e-42,2.7048600924474873e-28
500,50,3.2705699841203084e-27,2.233434045760255e-27,3.270569984120305e-27,3.587324068671532e-42,1.0371359383600498e-27
500,51,1.2367701620623013e-26,8.477970129282431e-27,1.2367701620622999e-26,1.4349296274686127e-41,3.889731491340568e-27
500,52,4.576729143675604e-26,3.1492801203704825e-26,4.576729143675599e-26,5.165746658887006e-41,1.4274490233051164e-26
500,53,1.6579848973315397e-25,1.14522243796936e-25,1.6579848973315376e-25,2.0662986635548023e-40,5.127624593621775e-26
500,54,5.881898802438083e-25,4.0783080259849635e-25,5.881898802438075e-25,8.265194654219209e-40,1.8035907764531114e-25
500,55,2.0441508045875727e-24,1.4227500368745049e-24,2.04415080458757e-24,2.571393892423754e-39,6.214007677130653e-25
500,56,6.961585010521454e-24,4.863814485326948e-24,6.961585010521445e-24,8.816207631167156e-39,2.0977705251944967e-24
500,57,2.324017853136486e-23,1.6299021346469589e-23,2.3240178531364816e-23,4.408103815583578e-38,6.941157184895227e-24
500,58,7.607437750784213e-23,5.355668325650488e-23,7.607437750784199e-23,1.410593220986745e-37,2.2517694251337106e-23
500,59,2.4424848565471836e-22,1.72607770697069e-22,2.442484856547179e-22,4.70197740328915e-37,7.16407149576489e-23
500,60,7.693827298123625e-22,5.457881408448741e-22,7.693827298123612e-22,1.222514124855179e-36,2.2359458896748715e-22
500,61,2.3784196799820106e-21,1.6936487605765089e-21,2.378419679982007e-21,3.76158192263132e-36,6.84770919405498e-22
500,62,7.2174624851067e-21,5.159083911858729e-21,7.217462485106689e-21,1.2037062152420224e-35,2.0583785732479596e-21
500,63,2.150509230256282e-20,1.5430591174969853e-20,2.1505092302562785e-20,3.611118645726067e-35,6.0745011275929316e-21
500,64,6.293119644790146e-20,4.532736157647395e-20,6.293119644790138e-20,8.425943506694157e-35,1.760383487142743e-20
500,65,1.8090990099748376e-19,1.308006750114563e-19,1.8090990099748352e-19,2.407412430484045e-34,5.010922598602722e-20
500,66,5.110117333370482e-19,3.7087855219599525e-19,5.110117333370475e-19,6.7407548053553255e-34,1.401331811410523e-19
500,67,1.418629588070014e-18,1.0335299303519806e-18,1.4186295880700128e-18,1.1555579666323415e-33,3.850996577180322e-19
500,68,3.871428224586025e-18,2.831251529491609e-18,3.871428224586022e-18,3.0814879110195774e-33,1.040176695094413e-18
500,69,1.038793163367182e-17,7.625872192458146e-18,1.0387931633671814e-17,6.162975822039155e-33,2.7620594412136684e-18
500,70,2.741141959660748e-17,2.0199711409300383e-17,2.7411419596607457e-17,2.1570415377137042e-32,7.211708187307074e-18
500,71,7.114835267529906e-17,5.262979567240928e-17,7.114835267529903e-17,3.697785493223493e-32,1.8518557002889746e-17
500,72,1.816824005815673e-16,1.3490650523045873e-16,1.816824005815672e-16,9.860761315262648e-32,4.677589535110847e-17
500,73,4.565170300327444e-16,3.402751335965528e-16,4.5651703003274415e-16,2.9582283945787943e-31,1.1624189643619133e-16
500,74,1.1289542769728677e-15,8.447005573813123e-16,1.1289542769728673e-15,3.944304526105059e-31,2.84253719591555e-16
500,75,2.748197268516809e-15,2.0640847670344633e-15,2.748197268516809e-15,0.0,6.841125014823457e-16
500,76,6.58637503262957e-15,4.965686284657763e-15,6.586375032629569e-15,7.888609052210118e-31,1.6206887479718056e-15
500,77,1.554335629221672e-14,1.1763344679563718e-14,1.554335629221672e-14,0.0,3.7800116126530025e-15
500,78,3.6125492920921286e-14,2.7444353174254095e-14,3.612549292092128e-14,6.310887241768095e-30,8.681139746667185e-15
500,79,8.270320802511093e-14,6.306882957543151e-14,8.270320802511091e-14,1.262177448353619e-29,1.96343784496794e-14
500,80,1.8652527095663415e-13,1.427852323580164e-13,1.8652527095663415e-13,0.0,4.374003859861775e-14
500,81,4.1450060212585366e-13,3.185106632479864e-13,4.145006021258535e-13,1.5146129380243427e-28,9.598993887786711e-14
500,82,9.077129910665471e-13,7.001652610752467e-13,9.077129910665471e-13,0.0,2.0754772999130047e-13
500,83,1.9591602251246995e-12,1.516963603880157e-12,1.9591602251246987e-12,8.077935669463161e-28,4.421966212445418e-13
500,84,4.1682133361071425e-12,3.2397264544455913e-12,4.168213336107141e-12,1.6155871338926322e-27,9.284868816615496e-13
500,85,8.742739904977671e-12,6.821174493182954e-12,8.742739904977665e-12,6.462348535570529e-27,1.9215654117947106e-12
500,86,1.8080915584214617e-11,1.4160716139591668e-11,1.8080915584214605e-11,1.2924697071141057e-26,3.9201994446229365e-12
500,87,3.68743795658367e-11,2.8989633040761163e-11,3.6874379565836684e-11,1.9387045606711586e-26,7.884746525075521e-12
500,88,7.416778617219431e-11,5.853107623821665e-11,7.416778617219426e-11,5.169878828456423e-26,1.5636709933977608e-11
500,89,1.471450781843213e-10,1.165655269870493e-10,1.4714507818432117e-10,1.2924697071141057e-25,3.0579551197271867e-11
500,90,2.8798393873217164e-10,2.290054701051443e-10,2.879839387321715e-10,1.550963648536927e-25,5.897846862702718e-11
500,91,5.560757372693423e-10,4.4387913686485087e-10,5.56075737269342e-10,3.101927297073854e-25,1.1219660040449115e-10
500,92,1.059479704393607e-09,8.489392744953762e-10,1.0594797043936067e-09,4.1359030627651384e-25,2.1054042989823045e-10
500,93,1.9920171400580255e-09,1.602249898154409e-09,1.992017140058026e-09,4.1359030627651384e-25,3.897672419036169e-10
500,94,3.696433021293084e-09,2.984511251939791e-09,3.696433021293084e-09,0.0,7.119217693532928e-10
500,95,6.770308902157859e-09,5.487216062581244e-09,6.770308902157859e-09,0.0,1.2830928395766148e-09
500,96,1.2240960291847917e-08,9.958920456830092e-09,1.2240960291847914e-08,3.308722450212111e-24,2.2820398350178223e-09
500,97,2.1849843702090833e-08,1.7844250313457712e-08,2.1849843702090833e-08,0.0,4.005593388633121e-09
500,98,3.850796069362655e-08,3.1568481313893674e-08,3.850796069362655e-08,0.0,6.939479379732875e-09
500,99,6.701385367462282e-08,5.5146881718300346e-08,6.701385367462284e-08,1.3234889800848443e-23,1.1866971956322489e-08
500,100,1.151680942436732e-07,9.51353116471219e-08,1.1516809424367326e-07,6.617444900424221e-23,2.0032782596551363e-08
500,101,1.9547625614201958e-07,1.6209020630907332e-07,1.9547625614201966e-07,7.940933880509066e-23,3.338604983294634e-08
500,102,3.277101941204447e-07,2.727758459114328e-07,3.2771019412044473e-07,5.293955920339377e-23,5.493434820901192e-08
500,103,5.426989899858682e-07,4.5344871019255394e-07,5.426989899858683e-07,1.0587911840678754e-22,8.925027979331432e-08
500,104,8.878495838917158e-07,7.446663865061491e-07,8.878495838917158e-07,0.0,1.4318319738556674e-07
500,105,1.4350548376372225e-06,1.2082145176552204e-06,1.4350548376372225e-06,0.0,2.2684031998200207e-07
500,106,2.2918328606470464e-06,1.9369200397451895e-06,2.2918328606470468e-06,4.235164736271502e-22,3.5491282090185727e-07
500,107,3.616750922943671e-06,3.0683192793687982e-06,3.6167509229436704e-06,4.235164736271502e-22,5.484316435748722e-07
500,108,5.640409177447867e-06,4.803366845429365e-06,5.640409177447868e-06,8.470329472543003e-22,8.37042332018503e-07
500,109,8.693474695515981e-06,7.431589928007107e-06,8.693474695515978e-06,3.3881317890172014e-21,1.2618847675088712e-06
500,110,1.3243436127065253e-05,1.1364287755938138e-05,1.324343612706525e-05,3.3881317890172014e-21,1.8791483711271114e-06
500,111,1.9941853627627214e-05,1.7177512075893877e-05,1.994185362762721e-05,3.3881317890172014e-21,2.7643415517333336e-06
500,112,2.9683856101327758e-05,2.566659474367177e-05,2.968385610132775e-05,6.776263578034403e-21,4.017261357655982e-06
500,113,4.368142667755437e-05,3.791385526786403e-05,4.368142667755437e-05,0.0,5.767571409690337e-06
500,114,6.355154933914866e-05,5.5370758638819605e-05,6.355154933914863e-05,2.710505431213761e-20,8.18079070032903e-06
500,115,9.141949581954552e-05,7.995513307933262e-05,9.141949581954552e-05,0.0,1.1464362740212905e-05
500,116,0.0001300363518122846,0.00011416303425159978,0.00013003635181228459,2.710505431213761e-20,1.587331756068481e-05
500,117,0.0001829082750766201,0.00016119340821630566,0.00018290827507662006,5.421010862427522e-20,2.1714866860314395e-05
500,118,0.00025443293954362776,0.00022508184007304953,0.00025443293954362765,1.0842021724855044e-19,2.935109947057812e-05
500,119,0.0003500361929375719,0.00031083740220152925,0.00035003619293757176,1.6263032587282567e-19,3.919879073604251e-05
500,120,0.00047629924824719614,0.0004245740168743543,0.000476299248247196,1.6263032587282567e-19,5.17252313728417e-05
500,121,0.0006410639232606891,0.0005736249742894617,0.0006410639232606888,3.2526065174565133e-19,6.743894897122708e-05
500,122,0.0008535007971281072,0.0007666265271424529,0.0008535007971281068,4.336808689942018e-19,8.687426998565386e-05
500,123,0.0011241230010955558,0.0010135541203856908,0.0011241230010955552,6.505213034913027e-19,0.00011056888070986432
500,124,0.0014647270901371819,0.0013256931762836094,0.0014647270901371808,1.0842021724855044e-18,0.00013903391385357137
500,125,0.001888242465913989,0.0017155258443045448,0.0018882424659139886,4.336808689942018e-19,0.00017271662160944388
500,126,0.0024084725330535575,0.0021965161458623083,0.002408472533053557,4.336808689942018e-19,0.0002119563871912488
500,127,0.0030397144905355356,0.0027827788473282506,0.0030397144905355356,0.0,0.000256935643207285
500,128,0.0037962505746755183,0.0034886224236635845,0.003796250574675518,4.336808689942018e-19,0.0003076281510119333
500,129,0.004691711673685357,0.004327963702860172,0.004691711673685358,8.673617379884035e-19,0.00036374797082518607
500,130,0.005738324277815168,0.005313621058741266,0.005738324277815168,0.0,0.0004247032190739016
500,131,0.006946063193429485,0.006456503936381689,0.006946063193429485,0.0,0.0004895592570477959
500,132,0.00832174454018013,0.007764728366179019,0.008321744540180129,1.734723475976807e-18,0.00055701617400111
500,133,0.00986810523346817,0.009242700010077756,0.009868105233468169,1.734723475976807e-18,0.0006254052233904128
500,134,0.011582925226064451,0.010890217047975081,0.01158292522606445,1.734723475976807e-18,0.0006927081780893681
500,135,0.013458255976951078,0.01270165360856122,0.013458255976951071,6.938893903907228e-18,0.0007566023683898502
500,136,0.01547982173819478,0.014665289248544065,0.015479821738194774,6.938893903907228e-18,0.0008145324896507086
500,137,0.017626658329623256,0.016762850120368933,0.017626658329623245,1.0408340855860843e-17,0.0008638082092543124
500,138,0.019871046502028703,0.01896932218377039,0.019871046502028693,1.0408340855860843e-17,0.0009017243182583012
500,139,0.02217878366002381,0.021253085796530923,0.022178783660023803,6.938893903907228e-18,0.000925697863492881
500,140,0.02450981908551611,0.02357640449230076,0.024509819085516103,6.938893903907228e-18,0.0009334145932153419
500,141,0.026819254926400603,0.025896279533877267,0.026819254926400596,6.938893903907228e-18,0.0009229753925233293
500,142,0.029058689693896834,0.02816565730332363,0.029058689693896824,1.0408340855860843e-17,0.0008930323905731938
500,143,0.031177854876368837,0.03033495061917546,0.031177854876368823,1.3877787807814457e-17,0.0008429042571933623
500,144,0.033126470806141894,0.032353809842305174,0.033126470806141874,2.0816681711721685e-17,0.0007726609638366994
500,145,0.034856227409812354,0.03417305744694706,0.03485622740981233,2.0816681711721685e-17,0.000683169962865271
500,146,0.03632278100924672,0.03574668276871018,0.03632278100924671,6.938893903907228e-18,0.0005760982405365322
500,147,0.037487651537240055,0.03703378370807765,0.03748765153724004,1.3877787807814457e-17,0.0004538678291623882
500,148,0.03831990634936025,0.038000340497292125,0.03831990634936024,6.938893903907228e-18,0.00031956585206811827
500,149,0.03879752742562265,0.03862071372458347,0.03879752742562264,6.938893903907228e-18,0.00017681370103916905
500,150,0.03890837750398157,0.03887877432887588,0.03890837750398157,0.0,2.960317510568994e-05
500,151,0.038650706129783025,0.03876859609983834,0.03865070612978302,6.938893903907228e-18,0.00011788997005532376
500,152,0.03803316665214552,0.03829466950654271,0.038033166652145504,1.3877787807814457e-17,0.00026150285439720256
500,153,0.03707434732478051,0.03747162707401998,0.037074347324780495,1.3877787807814457e-17,0.00039727974923948334
500,154,0.03580185117355892,0.03632350238938404,0.0358018511735589,2.0816681711721685e-17,0.0005216512158251405
500,155,0.03425098757433563,0.03488257449508604,0.03425098757433562,1.3877787807814457e-17,0.0006315869207504238
500,156,0.03246316129985108,0.033187874519616266,0.03246316129985107,6.938893903907228e-18,0.000724713219765194
500,157,0.03048406047447344,0.03128344999828919,0.030484060474473433,6.938893903907228e-18,0.0007993895238157592
500,158,0.028361752466756936,0.029216493202932542,0.02836175246675693,6.938893903907228e-18,0.0008547407361756132
500,159,0.026144796074476735,0.027035442438808788,0.026144796074476735,0.0,0.0008906463643320525
500,160,0.023880469985883664,0.02478815995233344,0.02388046998588366,3.469446951953614e-18,0.0009076899664497776
500,161,0.021613202649158246,0.02252027778548195,0.021613202649158236,1.0408340855860843e-17,0.000907075136323713
500,162,0.01938326904249906,0.020273785120551672,0.019383269042499054,6.938893903907228e-18,0.0008905160780526174
500,163,0.01722579737869768,0.01808590924878684,0.017225797378697675,3.469446951953614e-18,0.0008601118700891641
500,164,0.015170105531239854,0.0159883192828897,0.015170105531239849,5.204170427930421e-18,0.0008182137516498499
500,165,0.013239364827263872,0.01400665907304038,0.013239364827263867,5.204170427930421e-18,0.0007672942457765137
500,166,0.011450569407401197,0.012160395197541881,0.011450569407401195,1.734723475976807e-18,0.0007098257901406863
500,167,0.009814773777772455,0.010462948728319788,0.009814773777772453,1.734723475976807e-18,0.0006481749505473349
500,168,0.008337550173464867,0.008922066609291325,0.008337550173464867,0.0,0.0005845164358264585
500,169,0.007019611135055793,0.007540380343188866,0.007019611135055795,1.734723475976807e-18,0.0005207692081330715
500,170,0.005857541056395297,0.006316096217471487,0.005857541056395297,0.0,0.00045855516107618996
500,171,0.004844582828597614,0.005243762085082113,0.004844582828597615,8.673617379884035e-19,0.0003991792564844981
500,172,0.003971431272280603,0.00431506003520966,0.003971431272280603,0.0,0.00034362876292905707
500,173,0.003226992875246997,0.0035195812490730074,0.003226992875246997,0.0,0.0002925883738260104
500,174,0.0025990804684871134,0.00284554797427618,0.002599080468487114,4.336808689942018e-19,0.0002464675057890662
500,175,0.002075020978106447,0.0022804569368739917,0.0020750209781064464,4.336808689942018e-19,0.0002054359587675453
500,176,0.0016421635175761246,0.001811627819365,0.0016421635175761244,2.168404344971009e-19,0.0001694643017888756
500,177,0.0012882832438127468,0.0014266490030014722,0.0012882832438127468,0.0,0.00013836575918872544
500,178,0.0010018831968335085,0.0011137201303352967,0.0010018831968335085,0.0,0.00011183693350178816
500,179,0.000772401570743152,0.00086189690768671,0.0007724015707431518,2.168404344971009e-19,8.949533694355822e-05
500,180,0.0005903354862108376,0.0006612478335250136,0.0005903354862108375,1.0842021724855044e-19,7.091234731417602e-05
500,181,0.00044729444890481793,0.0005029352524731004,0.0004472944489048177,2.168404344971009e-19,5.564080356828269e-05
500,182,0.00033599747849443547,0.0003792344527034574,0.0003359974784944352,2.710505431213761e-19,4.32369742090222e-05
500,183,0.00025022763035416974,0.0002835046769506884,0.00025022763035416963,1.0842021724855044e-19,3.327704659651876e-05
500,184,0.00018475658110777594,0.00021012517072372433,0.00018475658110777586,8.131516293641283e-20,2.5368589615948464e-05
500,185,0.00013525037752136804,0.00015440801709883125,0.00013525037752136796,8.131516293641283e-20,1.915763957746329e-05
500,186,9.816559658808969e-05,0.00011249775808411193,9.816559658808967e-05,1.3552527156068805e-20,1.4332161496022255e-05
500,187,7.064323299158174e-05,8.126589477626128e-05,7.06432329915817e-05,4.0657581468206416e-20,1.0622661784679582e-05
500,188,5.04057718686134e-05,5.8206464679564715e-05,5.040577186861338e-05,2.0328790734103208e-20,7.800692810951335e-06
500,189,3.5661226356025804e-05,4.133713985742797e-05,3.5661226356025804e-05,0.0,5.675913501402163e-06
500,190,2.5016484353512842e-05,2.9108754584898208e-05,2.5016484353512836e-05,6.776263578034403e-21,4.092270231385372e-06
500,191,1.7401144688681336e-05,2.0324897470951007e-05,1.7401144688681333e-05,3.3881317890172014e-21,2.923752782269675e-06
500,192,1.2002128814291368e-05,1.4072200894861817e-05,1.2002128814291366e-05,1.6940658945086007e-21,2.0700720805704507e-06
500,193,8.208709862624148e-06,9.66121720890289e-06,8.208709862624145e-06,3.3881317890172014e-21,1.4525073462787452e-06
500,194,5.5671736255352284e-06,6.577258397568226e-06,5.567173625535228e-06,8.470329472543003e-22,1.0100847720329988e-06
500,195,3.7440772075028135e-06,4.440257244561461e-06,3.744077207502813e-06,4.235164736271502e-22,6.961800370586478e-07
500,196,2.4969611114176923e-06,2.972544136776189e-06,2.496961111417692e-06,4.235164736271502e-22,4.7558302535849726e-07
500,197,1.6513622433741373e-06,1.9733861759926675e-06,1.6513622433741373e-06,0.0,3.220239326185302e-07
500,198,1.0830362764986226e-06,1.2991698463958383e-06,1.0830362764986226e-06,0.0,2.1613356989721567e-07
500,199,7.044011963444022e-07,8.481959821874832e-07,7.044011963444019e-07,3.1763735522036263e-22,1.4379478584308137e-07
500,200,4.5433877164213946e-07,5.491729318080698e-07,4.543387716421393e-07,1.5881867761018131e-22,9.483416016593048e-08
500,201,2.9062181554934296e-07,3.526230785884666e-07,2.906218155493428e-07,1.5881867761018131e-22,6.200126303912379e-08
500,202,1.8436192966602592e-07,2.2454684837681403e-07,1.8436192966602582e-07,1.0587911840678754e-22,4.0184918710788206e-08
500,203,1.1598843428671865e-07,1.4180893726215043e-07,1.159884342867186e-07,5.293955920339377e-23,2.5820502975431836e-08
500,204,7.237093483856186e-08,8.881908535210471e-08,7.237093483856182e-08,3.970466940254533e-23,1.6448150513542898e-08
500,205,4.4784243997660585e-08,5.517223264691548e-08,4.4784243997660546e-08,3.970466940254533e-23,1.0387988649254933e-08
500,206,2.7485475685110688e-08,3.399004712845674e-08,2.7485475685110668e-08,1.9852334701272664e-23,6.504571443346074e-09
500,207,1.673028954745868e-08,2.0768501585072367e-08,1.673028954745867e-08,9.926167350636332e-24,4.038212037613697e-09
500,208,1.0100222879269356e-08,1.2585945930647401e-08,1.0100222879269346e-08,9.926167350636332e-24,2.485723051378055e-09
500,209,6.047706932494843e-09,7.564824190695802e-09,6.047706932494837e-09,5.790264287871194e-24,1.5171172582009645e-09
500,210,3.591597382359182e-09,4.509713433851868e-09,3.5915973823591793e-09,2.895132143935597e-24,9.181160514926885e-10
500,211,2.115565147361197e-09,2.666495780294379e-09,2.115565147361196e-09,1.2407709188295415e-24,5.509306329331833e-10
500,212,1.2359804466052279e-09,1.56379310840372e-09,1.2359804466052268e-09,1.0339757656912846e-24,3.278126617984931e-10
500,213,7.162220696625867e-10,9.096379933757803e-10,7.162220696625863e-10,4.1359030627651384e-25,1.9341592371319409e-10
500,214,4.1166034845092606e-10,5.248233235375394e-10,4.1166034845092575e-10,3.101927297073854e-25,1.1316297508661363e-10
500,215,2.3468742788763763e-10,3.0034272215386534e-10,2.3468742788763747e-10,1.550963648536927e-25,6.565529426622787e-11
500,216,1.3271015267455698e-10,1.7048439542550328e-10,1.3271015267455686e-10,1.2924697071141057e-25,3.777424275094643e-11
500,217,7.443650433095628e-11,9.598859885223372e-11,7.443650433095619e-11,9.04728794979874e-26,2.1552094521277525e-11
500,218,4.141323209500778e-11,5.3607555826152485e-11,4.141323209500774e-11,3.877409121342317e-26,1.2194323731144743e-11
500,219,2.2854268983937758e-11,2.969664670573859e-11,2.285426898393774e-11,1.9387045606711586e-26,6.842377721800851e-12
500,220,1.2510486203545151e-11,1.631802009746992e-11,1.2510486203545138e-11,1.2924697071141057e-26,3.807533893924781e-12
500,221,6.7930241829204434e-12,8.894256167936637e-12,6.7930241829204394e-12,4.0389678347315804e-27,2.1012319850161974e-12
500,222,3.658791017441706e-12,4.808806198286973e-12,3.658791017441703e-12,3.2311742677852644e-27,1.1500151808452706e-12
500,223,1.954792894648548e-12,2.579013526256994e-12,1.954792894648546e-12,1.6155871338926322e-27,6.24220631608448e-13
500,224,1.0359903669980508e-12,1.372024235793552e-12,1.0359903669980496e-12,1.2116903504194741e-27,3.3603386879550235e-13
500,225,5.446349357932609e-13,7.240436668889479e-13,5.446349357932604e-13,5.048709793414476e-28,1.794087310956875e-13
500,226,2.840226435078636e-13,3.7902287902390206e-13,2.8402264350786337e-13,2.524354896707238e-28,9.500023551603869e-14
500,227,1.4692675453962486e-13,1.9681878390184627e-13,1.4692675453962473e-13,1.262177448353619e-28,4.9892029362221536e-14
500,228,7.539662404007064e-14,1.0138431154380303e-13,7.539662404007058e-14,6.310887241768094e-29,2.598768750373245e-14
500,229,3.8380315169493224e-14,5.1806063124957894e-14,3.83803151694932e-14,2.524354896707238e-29,1.3425747955464695e-14
500,230,1.938086722534037e-14,2.626022588887031e-14,1.9380867225340355e-14,1.5777218104420236e-29,6.879358663529954e-15
500,231,9.708412153695549e-15,1.3204642694870148e-14,9.70841215369554e-15,9.466330862652142e-30,3.4962305411746087e-15
500,232,4.824315645340091e-15,6.5866920851906915e-15,4.824315645340086e-15,4.733165431326071e-30,1.7623764398506054e-15
500,233,2.3781421084325153e-15,3.2592873181391637e-15,2.3781421084325137e-15,1.5777218104420236e-30,8.8114520970665e-16
500,234,1.1629376244532633e-15,1.599905985070248e-15,1.162937624453262e-15,1.3805065841367707e-30,4.3696836061698604e-16
500,235,5.641484646283917e-16,7.79084653599425e-16,5.64148464628391e-16,6.902532920683853e-31,2.14936188971034e-16
500,236,2.714879112467139e-16,3.763526106574424e-16,2.7148791124671364e-16,2.465190328815662e-31,1.0486469941072878e-16
500,237,1.296072487687748e-16,1.8035447645676004e-16,1.2960724876877467e-16,1.232595164407831e-31,5.0747227687985374e-17
500,238,6.138062381666466e-17,8.573973361083056e-17,6.138062381666461e-17,4.930380657631324e-32,2.4359109794165953e-17
500,239,2.8837519617392964e-17,4.043541758408961e-17,2.883751961739293e-17,3.697785493223493e-32,1.1597897966696684e-17
500,240,1.3440343964534933e-17,1.891766847841446e-17,1.3440343964534921e-17,1.232595164407831e-32,5.47732451387954e-18
500,241,6.214266918990663e-18,8.780117504532969e-18,6.2142669189906565e-18,6.162975822039155e-33,2.5658505855423123e-18
500,242,2.850345570280841e-18,4.042603414818534e-18,2.8503455702808382e-18,2.6963019221421302e-33,1.1922578445376956e-18
500,243,1.2969826404452505e-18,1.84650710542662e-18,1.2969826404452491e-18,1.3481509610710651e-33,5.495244649813707e-19
500,244,5.854646462431431e-19,8.367017791367423e-19,5.854646462431424e-19,6.7407548053553255e-34,2.5123713289359985e-19
500,245,2.6217892030013627e-19,3.761152872207829e-19,2.621789203001361e-19,1.925929944387236e-34,1.1393636692064683e-19
500,246,1.1647321372218596e-19,1.6772680386750322e-19,1.1647321372218591e-19,4.81482486096809e-35,5.12535901453173e-20
500,247,5.133174601290092e-20,7.420200611716816e-20,5.1331746012900905e-20,1.8055593228630336e-35,2.2870260104267258e-20
500,248,2.244285439158514e-20,3.256573613121897e-20,2.244285439158513e-20,9.027796614315168e-36,1.0122881739633837e-20
500,249,9.734250097555e-21,1.4178768299308264e-20,9.734250097554995e-21,4.513898307157584e-36,4.444518201753269e-21
500,250,4.188508756262237e-21,6.12418964309161e-21,4.188508756262235e-21,2.256949153578792e-36,1.9356808868293752e-21
500,251,1.7879234873060204e-21,2.6241661566576314e-21,1.7879234873060197e-21,7.52316384526264e-37,8.362426693516118e-22
500,252,7.571308645224473e-22,1.1154922280834064e-21,7.571308645224471e-22,1.88079096131566e-37,3.583613635609593e-22
500,253,3.1807191598232683e-22,4.7040737368656875e-22,3.180719159823268e-22,4.70197740328915e-38,1.5233545770424197e-22
500,254,1.325597805078201e-22,1.967948684166337e-22,1.325597805078201e-22,0.0,6.42350879088136e-23
500,255,5.480622857970377e-23,8.167424125752659e-23,5.480622857970377e-23,0.0,2.686801267782281e-23
500,256,2.2479117190894136e-23,3.36269625314795e-23,2.2479117190894122e-23,1.4693679385278594e-38,1.1147845340585376e-23
500,257,9.14658909601696e-24,1.373474988864675e-23,9.146589096016954e-24,5.877471754111438e-39,4.588160792629796e-24
500,258,3.692061711515152e-24,5.565237914541873e-24,3.69206171151515e-24,2.204051907791789e-39,1.8731762030267232e-24
500,259,1.4784538348372866e-24,2.2370503004867966e-24,1.4784538348372855e-24,1.1020259538958945e-39,7.58596465649511e-25
500,260,5.873198475754715e-25,8.920636772967417e-25,5.8731984757547115e-25,3.6734198463196485e-40,3.0474382972127054e-25
500,261,2.3145609756668834e-25,3.5289296684665547e-25,2.3145609756668807e-25,2.7550648847397363e-40,1.214368692799674e-25
500,262,9.04874710770532e-26,1.3848923774480692e-25,9.04874710770531e-26,1.0331493317774011e-40,4.800176666775382e-26
500,263,3.509400018957957e-26,5.391550107154415e-26,3.509400018957954e-26,3.4438311059246704e-41,1.8821500881964613e-26
500,264,1.350207474826357e-26,2.0822577020869924e-26,1.3502074748263554e-26,1.4349296274686127e-41,7.32050227260637e-27
500,265,5.1533525184747204e-27,7.977687468260928e-27,5.153352518474715e-27,5.739718509874451e-42,2.8243349497862138e-27
500,266,1.951188789218409e-27,3.032073023070558e-27,1.9511887892184073e-27,1.793662034335766e-42,1.0808842338521507e-27
500,267,7.328702675394989e-28,1.1431959172680602e-27,7.32870267539498e-28,8.96831017167883e-43,4.103256497285621e-28
500,268,2.730683992591203e-28,4.27580808429336e-28,2.7306839925912007e-28,2.2420775429197073e-43,1.5451240917021589e-28
500,269,1.0093234513242045e-28,1.586464364197759e-28,1.0093234513242036e-28,8.96831017167883e-44,5.771409128735553e-29
500,270,3.700852654855417e-29,5.839221494057147e-29,3.700852654855413e-29,3.923635700109488e-44,2.1383688392017336e-29
500,271,1.3461193104113008e-29,2.132013285847239e-29,1.3461193104112994e-29,1.401298464324817e-44,7.858939754359397e-30
500,272,4.857058646284472e-30,7.722055120330406e-30,4.857058646284469e-30,3.5032461608120427e-45,2.8649964740459377e-30
500,273,1.7384762501614755e-30,2.7744794316715072e-30,1.738476250161474e-30,1.401298464324817e-45,1.0360031815100331e-30
500,274,6.172587728675522e-31,9.88856371628165e-31,6.172587728675516e-31,6.130680781421075e-46,3.7159759876061346e-31
500,275,2.1740334961257163e-31,3.4961122960463885e-31,2.1740334961257137e-31,2.627434620609032e-46,1.3220787999206748e-31
500,276,7.595613922799475e-32,1.2261263400222385e-31,7.595613922799467e-32,7.663350976776343e-47,4.6656494774229176e-32
500,277,2.632414933533392e-32,4.2655976035338184e-32,2.6324149335333895e-32,2.1895288505075267e-47,1.6331826700004288e-32
500,278,9.049771791026922e-33,1.4720289904231912e-32,9.049771791026914e-33,8.210733189403225e-48,5.670518113204999e-33
500,279,3.0860972927925906e-33,5.0389673764837076e-33,3.086097292792588e-33,2.7369110631344083e-48,1.9528700836911198e-33
500,280,1.0439196454701466e-33,1.71100863483283e-33,1.043919645470146e-33,6.842277657836021e-49,6.67088989362684e-34
500,281,3.502729872955245e-34,5.762951630470276e-34,3.502729872955244e-34,1.282927060844254e-49,2.2602217575150322e-34
500,282,1.1658021917586607e-34,1.9253797209351496e-34,1.1658021917586598e-34,8.552847072295026e-50,7.595775291764898e-35
500,283,3.848736160576295e-35,6.380619747782922e-35,3.848736160576293e-35,1.6036588260553174e-50,2.5318835872066284e-35
500,284,1.2603255737098429e-35,2.0973971317767755e-35,1.2603255737098426e-35,2.6727647100921956e-51,8.370715580669329e-36
500,285,4.0936890815237004e-36,6.838580651747664e-36,4.093689081523699e-36,1.3363823550460978e-51,2.744891570223965e-36
500,286,1.318895832958435e-36,2.2116419159850272e-36,1.3188958329584346e-36,3.3409558876152446e-52,8.927460830265926e-37
500,287,4.214689520952291e-37,7.094521369482265e-37,4.214689520952289e-37,2.5057169157114334e-52,2.879831848529976e-37
500,288,1.3359060535161283e-37,2.2572862137645227e-37,1.3359060535161274e-37,8.352389719038111e-53,9.213801602483953e-38
500,289,4.1998826002780895e-38,7.123625168124821e-38,4.1998826002780874e-38,2.088097429759528e-53,2.9237425678467334e-38
500,290,1.3096185645202122e-38,2.2297795562942902e-38,1.3096185645202114e-38,7.83036536159823e-54,9.201609917740788e-39
500,291,4.0503666943924095e-39,6.922526825552116e-39,4.050366694392407e-39,2.61012178719941e-54,2.8721601311597087e-39
500,292,1.2424559282700787e-39,2.131594025497584e-39,1.2424559282700779e-39,8.156630584998156e-55,8.891380972275063e-40
500,293,3.7800706935179385e-40,6.50993453448954e-40,3.780070693517936e-40,2.4469891754994467e-55,2.729863840971604e-40
500,294,1.1406335766154713e-40,1.9718598697379703e-40,1.1406335766154705e-40,8.156630584998156e-56,8.312262931224997e-41
500,295,3.413615255924267e-41,5.923762869736812e-41,3.4136152559242656e-41,1.5293682346871542e-56,2.5101476138125466e-41
500,296,1.0132110918887183e-41,1.764965528168538e-41,1.0132110918887176e-41,6.372367644529809e-57,7.517544362798204e-42
500,297,2.9826127380273955e-42,5.215384811988672e-42,2.982612738027394e-42,1.2744735289059618e-57,2.232772073961278e-42
500,298,8.707627792227632e-43,1.5284194090637487e-42,8.707627792227627e-43,4.779275733397357e-58,6.57656629840986e-43
500,299,2.521176513182009e-43,4.44221053233164e-43,2.5211765131820083e-43,7.965459555662261e-59,1.921034019149632e-43
500,300,7.239378273565485e-44,1.2804138184267586e-43,7.239378273565481e-44,3.982729777831131e-59,5.564759910702105e-44
500,301,2.061522052273038e-44,3.6600773601987365e-44,2.0615220522730368e-44,1.2446030555722283e-59,1.5985553079256998e-44
500,302,5.821800686882705e-45,1.0375590207143463e-44,5.821800686882701e-45,3.733809166716685e-60,4.553789520260762e-45
500,303,1.6304335728469243e-45,2.916834476521651e-45,1.6304335728469234e-45,9.334522916791713e-61,1.2864009036747279e-45
500,304,4.5281308343634035e-46,8.131690478776938e-46,4.528130834363401e-46,2.333630729197928e-61,3.603559644413537e-46
500,305,1.2470917707754948e-46,2.2480889129457373e-46,1.247091770775494e-46,7.778769097326427e-62,1.0009971421702432e-46
500,306,3.405922903378452e-47,6.163154869699133e-47,3.40592290337845e-47,2.4308653429145085e-62,2.7572319663206833e-47
500,307,9.224044345119868e-48,1.6754938871612547e-47,9.224044345119862e-48,6.077163357286271e-63,7.530894526492685e-48
500,308,2.4771436344269033e-48,4.5167479124014795e-48,2.4771436344269015e-48,1.8231490071858814e-63,2.039604277974578e-48
500,309,6.596554477253334e-49,1.207382881562609e-48,6.59655447725333e-49,4.5578725179647034e-64,5.47727433837276e-49
500,310,1.7418551684175855e-49,3.200317746449411e-49,1.7418551684175847e-49,7.596454196607839e-65,1.4584625780318261e-49
500,311,4.560668102884813e-50,8.4112922736263e-50,4.560668102884811e-50,1.8991135491519597e-65,3.8506241707414886e-50
500,312,1.1840196036335572e-50,2.1920292573673185e-50,1.1840196036335563e-50,9.495567745759799e-66,1.0080096537337622e-50
500,313,3.047864246687933e-51,5.664169882687691e-51,3.047864246687932e-51,1.1869459682199748e-66,2.6163056359997595e-51
500,314,7.779125761564743e-52,1.4511912168649042e-51,7.77912576156474e-52,2.967364920549937e-67,6.732786407084302e-52
500,315,1.96859509068169e-52,3.686408373929895e-52,1.9685950906816893e-52,7.418412301374843e-68,1.7178132832482057e-52
500,316,4.939286958988871e-53,9.284627874553323e-53,4.939286958988868e-53,2.781904613015566e-68,4.345340915564455e-53
500,317,1.2287004963325178e-53,2.318459293263855e-53,1.228700496332517e-53,6.954761532538915e-69,1.089758796931338e-53
500,318,3.0303529761300643e-54,5.739840934145737e-54,3.030352976130062e-54,2.3182538441796384e-69,2.7094879580156754e-54
500,319,7.409640505897961e-55,1.4088247555843888e-54,7.409640505897959e-55,2.897817305224548e-70,6.678607049945929e-55
500,320,1.7961762476350863e-55,3.428167104049312e-55,1.796176247635086e-55,3.622271631530685e-71,1.631990856414226e-55
500,321,4.316578432233853e-56,8.270006829418131e-56,4.316578432233851e-56,1.8111358157653425e-71,3.9534283971842804e-56
500,322,1.0283951278214636e-56,1.9777866439983153e-56,1.028395127821463e-56,6.791759309120034e-72,9.493915161768524e-57
500,323,2.4288500586318518e-57,4.6889254950201994e-57,2.4288500586318498e-57,1.9809297984933433e-72,2.2600754363883496e-57
500,324,5.6865933912412395e-58,1.1019908803874069e-57,5.686593391241237e-58,2.8298997121333476e-73,5.3333154126328324e-58
500,325,1.3197895870660988e-58,2.567341964461082e-58,1.319789587066098e-58,7.074749280333369e-74,1.2475523773949839e-58
500,326,3.036325737115257e-59,5.9289881253084735e-59,3.0363257371152567e-59,4.421718300208356e-75,2.892662388193217e-59
500,327,6.924255285164545e-60,1.357245743882678e-59,6.924255285164542e-60,3.3162887251562667e-75,6.648202153662238e-60
500,328,1.5651953366726478e-60,3.079691115563447e-60,1.565195336672647e-60,8.290721812890667e-76,1.5144957788908002e-60
500,329,3.5069074846855686e-61,6.926536408982189e-61,3.506907484685566e-61,2.7635739376302223e-76,3.419628924296623e-61
500,330,7.788067271184835e-62,1.5440974445319973e-61,7.788067271184828e-62,6.908934844075556e-77,7.652907174135145e-62
500,331,1.7142487303859583e-62,3.411709494648533e-62,1.714248730385957e-62,1.2954252832641667e-77,1.6974607642625758e-62
500,332,3.739776705274015e-63,7.471315518180721e-63,3.7397767052740115e-63,3.2385632081604167e-78,3.73153881290671e-63
500,333,8.08600368707895e-64,1.6215805919847988e-63,8.086003687078944e-64,6.747006683667535e-79,8.129802232769044e-64
500,334,1.7327150758026325e-64,3.4880680925988803e-64,1.732715075802631e-64,1.6867516709168837e-79,1.7553530167962495e-64
500,335,3.679710480809002e-65,7.435747739596699e-65,3.6797104808089985e-65,3.3735033418337674e-80,3.7560372587877e-65
500,336,7.74428863945772e-66,1.5708898256666774e-65,7.744288639457716e-66,4.2168791772922093e-81,7.964609617209058e-66
500,337,1.615171687415514e-66,3.288789569084803e-66,1.6151716874155132e-66,7.906648457422892e-82,1.6736178816692897e-66
500,338,3.3382035297810084e-67,6.823126180049198e-67,3.338203529781006e-67,2.635549485807631e-82,3.484922650268192e-67
500,339,6.836775876416224e-68,1.4027333788270682e-67,6.8367758764162185e-68,5.7652645002041924e-83,7.1905579118544636e-68
500,340,1.3874633396256457e-68,2.857580691232851e-68,1.3874633396256447e-68,1.0295115178936058e-83,1.4701173516072065e-68
500,341,2.790039392628027e-69,5.768202768293829e-69,2.7900393926280243e-69,2.5737787947340145e-84,2.9781633756658044e-69
500,342,5.559101045461859e-70,1.1536868678646216e-69,5.559101045461852e-70,7.07789168551854e-85,5.977767633184363e-70
500,343,1.097465179320667e-70,2.286269003679388e-70,1.097465179320666e-70,9.651670480252554e-86,1.188803824358722e-70
500,344,2.1466200143689128e-71,4.488951886049227e-71,2.1466200143689103e-71,2.4129176200631386e-86,2.3423318716803164e-71
500,345,4.159909593062737e-72,8.732264180284e-72,4.1599095930627337e-72,3.5188381959254104e-87,4.572354587221266e-72
500,346,7.986614206334322e-73,1.6829021984727437e-72,7.986614206334314e-73,7.540367562697308e-88,8.842407778393123e-73
500,347,1.5190678317523493e-73,3.213116971899239e-73,1.5190678317523478e-73,1.5709099088952725e-88,1.6940491401468915e-73
500,348,2.862282983474254e-74,6.077362409565593e-74,2.8622829834742515e-74,2.3563648633429087e-89,3.215079426091341e-74
500,349,5.342615802145967e-75,1.1387010170657343e-74,5.342615802145963e-75,3.9272747722381812e-90,6.04439436851138e-75
500,350,9.87838758519234e-76,2.1134648233057905e-75,9.878387585192334e-76,6.136366831622158e-91,1.1256260647865572e-75
500,351,1.8092284954564728e-76,3.8855775272495904e-76,1.8092284954564713e-76,1.5340917079055395e-91,2.076349031793119e-76
500,352,3.282163707260728e-77,7.075800765375722e-77,3.2821637072607253e-77,2.6846604888346942e-92,3.793637058114996e-77
500,353,5.897534140120449e-78,1.2762595892404048e-77,5.897534140120444e-78,4.794036587204811e-93,6.865061752283604e-78
500,354,1.0495611605299104e-78,2.279971945871816e-78,1.0495611605299099e-78,4.794036587204811e-94,1.230410785341906e-78
500,355,1.8499307376744497e-79,4.033949139155548e-79,1.8499307376744485e-79,1.1985091468012028e-94,2.1840184014810995e-79
500,356,3.2292129650416757e-80,7.068460489894082e-80,3.2292129650416742e-80,1.4981364335015035e-95,3.839247524852408e-80
500,357,5.582312928763521e-81,1.2265789946888487e-80,5.582312928763518e-81,2.809005812815319e-96,6.683477018124968e-81
500,358,9.55631383256006e-82,2.1077783831619222e-81,9.556313832560054e-82,5.852095443365248e-97,1.1521469999059167e-81
500,359,1.619972022550969e-82,3.586701664099404e-82,1.619972022550968e-82,1.1704190886730496e-97,1.966729641548436e-82
500,360,2.7192387521391262e-83,6.0434965491957154e-83,2.719238752139125e-83,1.097267895630984e-98,3.3242577970565906e-83
500,361,4.519510391366969e-84,1.0082901498813448e-83,4.519510391366967e-84,1.82877982605164e-99,5.5633911074464815e-84
500,362,7.437394764009572e-85,1.6655902370949152e-84,7.437394764009571e-85,1.142987391282275e-100,9.218507606939581e-85
500,363,1.2117597136166718e-85,2.7240623277411396e-85,1.2117597136166715e-85,2.8574684782056875e-101,1.512302614124468e-85
500,364,1.9546045616030303e-86,4.4107519622614735e-86,1.95460456160303e-86,3.5718355977571093e-102,2.4561474006584435e-86
500,365,3.121247206004057e-87,7.0702552378358894e-87,3.1212472060040555e-87,1.339438349158916e-102,3.949008031831834e-87
500,366,4.934055887711331e-88,1.1219259352532472e-87,4.9340558877113296e-88,1.674297936448645e-103,6.285203464821142e-88
500,367,7.72086596675732e-89,1.7622979418065832e-88,7.720865966757317e-89,2.7904965607477417e-104,9.902113451308515e-89
500,368,1.1958950002857804e-89,2.740056818782447e-89,1.1958950002857797e-89,6.976241401869354e-105,1.5441618184966671e-89
500,369,1.8334278750025902e-90,4.216805269663523e-90,1.8334278750025896e-90,6.5402263142525195e-106,2.3833773946609333e-90
500,370,2.781996736973043e-91,6.422875884796416e-91,2.781996736973041e-91,1.6350565785631299e-106,3.6408791478233743e-91
500,371,4.1778156619926324e-92,9.682229771995063e-92,4.17781566199263e-92,2.7250942976052165e-107,5.504414110002434e-92
500,372,6.20896567277707e-93,1.444436876740387e-92,6.208965672777066e-93,4.257959840008151e-108,8.235403094626805e-93
500,373,9.131531284359994e-94,2.1324365495844e-93,9.13153128435999e-94,4.257959840008151e-109,1.219283421148401e-93
500,374,1.3289203282433756e-94,3.115190779248225e-94,1.3289203282433753e-94,2.6612249000050942e-110,1.7862704510048496e-94
500,375,1.9136452726704608e-95,4.502983321362742e-95,1.9136452726704605e-95,3.326531125006368e-111,2.5893380486922817e-95
500,376,2.72650827223185e-96,6.440193537418109e-96,2.726508272231849e-96,8.31632781251592e-112,3.71368526518626e-96
500,377,3.8433538358099583e-97,9.112880305451989e-97,3.843353835809958e-97,5.19770488282245e-113,5.269526469642031e-97
500,378,5.359779158782595e-98,1.2756907012898904e-97,5.359779158782595e-98,0.0,7.397127854116309e-98
500,379,7.394192130095856e-99,1.766617071589388e-98,7.394192130095852e-99,3.248565551764031e-114,1.0271978585798028e-98
500,380,1.0090570463251112e-99,2.4200292150135736e-99,1.0090570463251108e-99,4.060706939705039e-115,1.4109721686884628e-99
500,381,1.3620567554444698e-100,3.2790896587149445e-100,1.362056755444469e-100,7.613825511946948e-116,1.9170329032704754e-100
500,382,1.8184527363263868e-101,4.3945387904663374e-101,1.8184527363263852e-101,1.5862136483222808e-116,2.5760860541399522e-101
500,383,2.4010901479281647e-102,5.824691764266523e-102,2.4010901479281627e-102,1.982767060402851e-117,3.4236016163383605e-102
500,384,3.135352090486554e-103,7.634911330020405e-103,3.135352090486552e-103,1.982767060402851e-118,4.499559239533852e-103
500,385,4.048617912761859e-104,9.89640977652144e-104,4.0486179127618556e-104,3.0980735318794546e-119,5.847791863759585e-104
500,386,5.169404810891344e-105,1.2684244873098112e-104,5.169404810891341e-105,3.0980735318794546e-120,7.514840062206771e-105
500,387,6.526158897470799e-106,1.6074405366649444e-105,6.526158897470796e-106,2.9044439361369887e-121,9.548246469178648e-106
500,388,8.145684338153908e-107,2.0139934157983247e-106,8.145684338153902e-107,6.05092486695206e-122,1.1994249819829344e-106
500,389,1.005123003165521e-107,2.4946112700552092e-107,1.00512300316552e-107,1.0589118517166105e-122,1.4894882668896894e-107
500,390,1.2260291577073937e-108,3.0544826605358283e-108,1.2260291577073926e-108,1.1345484125535112e-123,1.8284535028284355e-108
500,391,1.4782229522960899e-109,3.696834463054945e-109,1.478222952296089e-109,9.454570104612593e-125,2.2186115107588563e-109
500,392,1.761584932218737e-110,4.422286217305021e-110,1.761584932218736e-110,8.863659473074306e-126,2.6607012850862848e-110
500,393,2.074712897269614e-111,5.228227351428089e-111,2.0747128972696126e-111,1.4772765788457177e-126,3.153514454158476e-111
500,394,2.4147311095850113e-112,6.108272915315977e-112,2.4147311095850095e-112,1.8465957235571472e-127,3.693541805730967e-112
500,395,2.7771591061411706e-113,7.051858914718697e-113,2.7771591061411683e-113,2.308244654446434e-128,4.2746998085775284e-113
500,396,3.1558626206149664e-114,8.044038495743885e-114,3.1558626206149642e-114,2.1639793635435318e-129,4.88817587512892e-114
500,397,3.5431059288660287e-115,9.065533876429306e-115,3.5431059288660274e-115,1.3524871022147074e-130,5.522427947563279e-115
500,398,3.929719066832746e-116,1.0093085449166718e-115,3.929719066832744e-116,2.2541451703578456e-131,6.163366382333974e-116
500,399,4.305385014145436e-117,1.1100119094832101e-116,4.3053850141454334e-117,2.817681462947307e-132,6.794734080686668e-117
500,400,4.659041640307383e-118,1.2057726623150568e-117,4.659041640307381e-118,2.6415763715131004e-133,7.398684982843187e-118
500,401,4.97938187421523e-119,1.2935924520234347e-118,4.979381874215226e-119,3.3019704643913755e-134,7.956542646019121e-119
500,402,5.2554243661759886e-120,1.3705125810911217e-119,5.255424366175985e-120,3.4395525670743494e-135,8.449701444735231e-120
500,403,5.4771172054439585e-121,1.4337732335869327e-120,5.477117205443955e-121,3.4395525670743494e-136,8.860615130425372e-121
500,404,5.635930363451881e-122,1.4809733719833305e-121,5.635930363451877e-122,4.299440708842937e-137,9.173803356381428e-122
500,405,5.725389575570164e-123,1.5102187991951376e-122,5.725389575570162e-123,2.0153628322701266e-138,9.376798416381213e-123
500,406,5.741506083875781e-124,1.520245953355568e-123,5.741506083875778e-124,2.5192035403376583e-139,9.460953449679902e-124
500,407,5.683063235005161e-125,1.5105103755052932e-124,5.683063235005158e-125,3.149004425422073e-140,9.422040520047775e-125
500,408,5.551731941759242e-126,1.4812314020132002e-125,5.55173194175924e-126,1.9681277658887955e-141,9.260582078372762e-126
500,409,5.352001452761268e-127,1.4333882567416377e-126,5.352001452761266e-127,1.6401064715739963e-142,8.981881114655111e-127
500,410,5.090928211163158e-128,1.36866698087492e-127,5.090928211163156e-128,2.0501330894674953e-143,8.595741597586044e-128
500,411,4.7777219917068224e-129,1.2893620692068597e-128,4.777721991706819e-129,3.2033329522929615e-144,8.115898700361777e-129
500,412,4.423203092183501e-130,1.1982407712542034e-129,4.423203092183498e-130,2.402499714219721e-145,7.559204620358536e-130
500,413,4.039175428351588e-131,1.0983812877604588e-130,4.0391754283515855e-131,2.502603868978876e-146,6.944637449253003e-131
500,414,3.637766690130313e-132,9.929981727970718e-132,3.6377666901303103e-132,2.5026038689788762e-147,6.292215037840407e-132
500,415,3.2307876284117756e-133,8.85268917746026e-133,3.2307876284117733e-133,2.3461911271676964e-148,5.621901549048486e-133
500,416,2.8291581224072903e-134,7.781749089938772e-134,2.829158122407288e-134,2.4439490907996837e-149,4.952590967531484e-134
500,417,2.4424386668264382e-135,6.74367864765285e-135,2.4424386668264352e-135,3.0549363634996047e-150,4.301239980826415e-135
500,418,2.078493602323251e-136,5.760697755355407e-136,2.078493602323248e-136,3.054936363499605e-151,3.682204153032158e-136
500,419,1.7432984185868387e-137,4.850107130771148e-137,1.7432984185868365e-137,2.1480021305856595e-152,3.106808712184312e-137
500,420,1.4408895092401422e-138,4.024050963680018e-138,1.4408895092401404e-138,1.7900017754880496e-153,2.5831614544398776e-138
500,421,1.1734424235413442e-139,3.289635470398336e-139,1.1734424235413424e-139,1.8645851828000517e-154,2.1161930468569936e-139
500,422,9.414551603903133e-141,2.6493469045927144e-140,9.414551603903122e-141,1.048829165325029e-155,1.7078917442024023e-140
500,423,7.440071176336822e-142,2.1016939594023047e-141,7.440071176336813e-142,8.740243044375242e-157,1.3576868417686235e-141
500,424,5.790621434413091e-143,1.641990941469915e-142,5.790621434413087e-143,4.552209918945439e-158,1.0629287980286064e-142
500,425,4.4378544102392774e-144,1.2631991692945026e-143,4.437854410239272e-144,5.121236158813619e-159,8.194137282705754e-144
500,426,3.348481697866658e-145,9.567531659013379e-145,3.3484816978666544e-145,3.556413999176124e-160,6.219049961146725e-145
500,427,2.4869954397002285e-146,7.133130426218474e-146,2.4869954397002254e-146,3.1118622492791085e-161,4.646134986518249e-146
500,428,1.817930578419059e-147,5.234023501861798e-147,1.8179305784190567e-147,2.2227587494850775e-162,3.4160929234427415e-147
500,429,1.307602414047675e-148,3.779090435486781e-148,1.3076024140476731e-148,1.9101833003387385e-163,2.471488021439108e-148
500,430,9.253133361865608e-150,2.6844393131221094e-149,9.253133361865595e-150,1.3023977047764126e-164,1.75912597693555e-149
500,431,6.440696075544507e-151,1.8756455563766325e-150,6.440696075544497e-151,9.496649930661342e-166,1.2315759488221828e-150
500,432,4.408809813616775e-152,1.2888207770424229e-151,4.408809813616769e-152,5.9354062066633386e-167,8.47939795680746e-152
500,433,2.9673282810221783e-153,8.707429309490142e-153,2.967328281022174e-153,4.239575861902385e-168,5.740101028467968e-153
500,434,1.963242213579518e-154,5.7829767045069446e-154,1.963242213579516e-154,2.3185180494778666e-169,3.819734490927429e-154
500,435,1.27659099602215e-155,3.774700804835591e-155,1.2765909960221486e-155,1.4490737809236667e-170,2.4981098088134424e-155
500,436,8.156462785855805e-157,2.4209499630031136e-156,8.156462785855797e-157,7.762895254948214e-172,1.605303684417534e-156
500,437,5.119453595568206e-158,1.525319290295988e-157,5.119453595568203e-158,3.234539689561756e-173,1.0133739307391678e-157
500,438,3.155827558911909e-159,9.43851377400169e-159,3.1558275589119064e-159,2.526984132470122e-174,6.282686215089784e-159
500,439,1.910133179165686e-160,5.73465367773459e-160,1.9101331791656835e-160,2.526984132470122e-175,3.824520498568907e-160
500,440,1.134916791517274e-161,3.4202729548710352e-161,1.134916791517273e-161,9.871031767461413e-177,2.2853561633537624e-161
500,441,6.617590621091978e-163,2.0019343872593113e-162,6.617590621091971e-163,7.40327382559606e-178,1.3401753251501144e-162
500,442,3.785758047618876e-164,1.1496244563136296e-163,3.7857580476188704e-164,5.3982204978304604e-179,7.710486515517426e-164
500,443,2.1242241221724746e-165,6.475251985703787e-165,2.1242241221724722e-165,2.409919865102884e-180,4.351027863531314e-165
500,444,1.1687333490717281e-166,3.5762261260643715e-166,1.1687333490717272e-166,9.037199494135815e-182,2.4074927769926443e-166
500,445,6.303280983757635e-168,1.936107199506631e-167,6.30328098375763e-168,5.648249683834885e-183,1.305779101130868e-167
500,446,3.3313304366432086e-169,1.0271494619295114e-168,3.3313304366432056e-169,2.941796710330669e-184,6.940164182651909e-169
500,447,1.7247540132189192e-170,5.3382178354083934e-170,1.7247540132189178e-170,1.4708983551653345e-185,3.6134638221894756e-170
500,448,8.744766839981129e-172,2.7168806448190397e-171,8.744766839981121e-172,8.043975379810423e-187,1.8424039608209276e-171
500,449,4.340386977528019e-173,1.3536424795375906e-172,4.340386977528014e-173,5.0274846123815146e-188,9.196037817847892e-173
500,450,2.108187960513609e-174,6.599910548592127e-174,2.1081879605136074e-174,1.7955302187076838e-189,4.491722588078519e-174
500,451,1.001673088619073e-175,3.147805748566166e-175,1.001673088619072e-175,9.819305883557646e-191,2.1461326599470943e-175
500,452,4.653790898451446e-177,1.4680538342576867e-176,4.653790898451441e-177,5.260342437620167e-192,1.0026747444125426e-176
500,453,2.1133582131094543e-178,6.69208470372516e-178,2.1133582131094532e-178,1.0959046745042015e-193,4.578726490615707e-178
500,454,9.376447704481846e-180,2.9804363170049855e-179,9.37644770448184e-180,5.137053161738445e-195,2.0427915465568014e-179
500,455,4.0626366820046953e-181,1.2962915618205603e-180,4.062636682004691e-181,4.280877634782037e-196,8.900278936200912e-181
500,456,1.71822040122379e-182,5.50334548406296e-182,1.7182204012237883e-182,1.6722178260867333e-197,3.7851250828391717e-182
500,457,7.089874740904666e-184,2.279500365239864e-183,7.08987474090466e-184,6.27081684782525e-199,1.5705128911493978e-183
500,458,2.852756835859956e-185,9.207019352172441e-185,2.8527568358599536e-185,2.2862353091029557e-200,6.354262516312488e-185
500,459,1.1187281709254731e-186,3.624366212727578e-186,1.1187281709254719e-186,1.2247689155908691e-201,2.5056380418021065e-186
500,460,4.273402640491714e-188,1.3897430488361444e-187,4.2734026404917104e-188,3.827402861221466e-203,9.624027847869733e-188
500,461,1.5891178086737086e-189,5.187641892437496e-189,1.5891178086737068e-189,1.794095091197562e-204,3.598524083763789e-189
500,462,5.749127508188742e-191,1.8839485252336238e-190,5.749127508188735e-191,6.22949684443598e-206,1.3090357744147504e-190
500,463,2.022217019233312e-192,6.651935820150646e-192,2.0222170192333105e-192,1.557374211108995e-207,4.629718800917335e-192
500,464,6.910901759079362e-194,2.2819609388546455e-193,6.910901759079355e-194,7.300191614573414e-209,1.5908707629467098e-193
500,465,2.2930180951784062e-195,7.600360047325726e-195,2.2930180951784036e-195,2.6615281928132238e-210,5.307341952147322e-195
500,466,7.380959533836071e-197,2.4557983673016004e-196,7.380959533836062e-197,8.317275602541324e-212,1.717702413917994e-196
500,467,2.3030219408115002e-198,7.691856175202659e-198,2.3030219408114976e-198,2.5991486257941638e-213,5.388834234391161e-198
500,468,6.959681689265524e-200,2.333327256105014e-199,6.959681689265513e-200,1.0443007871494408e-214,1.6373590871784627e-199
500,469,2.0351186176347553e-201,6.849032106252541e-201,2.0351186176347528e-201,2.538231079877113e-216,4.8139134886177885e-201
500,470,5.75276691307089e-203,1.9434324512020931e-202,5.752766913070883e-203,6.798833249670839e-218,1.3681557598950048e-202
500,471,1.5703640345052472e-204,5.325326135434032e-204,1.5703640345052453e-204,1.947582441311959e-219,3.7549621009287866e-204
500,472,4.1350384685822184e-206,1.4075979371284547e-205,4.1350384685822135e-206,4.979614196536259e-221,9.940940902702334e-206
500,473,1.0490583852639882e-207,3.584692643501574e-207,1.0490583852639868e-207,1.3832261657045163e-222,2.535634258237587e-207
500,474,2.560992441422032e-209,8.784433497674971e-209,2.560992441422029e-209,2.7016136048916335e-224,6.223441056252942e-209
500,475,6.007741667095293e-211,2.06856851435073e-210,6.007741667095287e-211,5.909779760700448e-226,1.4677943476412014e-210
500,476,1.3522827882117255e-212,4.6738995911045663e-212,1.3522827882117244e-212,1.0553178144107943e-227,3.321616802892842e-212
500,477,2.91597366730291e-214,1.0116927860082709e-213,2.9159736673029094e-214,4.1223352125421653e-230,7.2009541927797995e-214
500,478,6.013215273278566e-216,2.094233029834342e-215,6.013215273278564e-216,2.5764595078388533e-231,1.4929115025064858e-215
500,479,1.1836331882981963e-217,4.137981880345129e-217,1.1836331882981961e-217,2.0128589904991042e-233,2.954348692046933e-217
500,480,2.2193122280591188e-219,7.788306857171324e-219,2.2193122280591182e-219,6.290184345309701e-235,5.568994629112206e-219
500,481,3.954818345219696e-221,1.3931708722276804e-220,3.954818345219694e-221,1.9656826079092814e-236,9.97689037705711e-221
500,482,6.681228384040387e-223,2.362584556907846e-222,6.6812283840403845e-223,2.303534306143689e-238,1.6944617185038076e-222
500,483,1.0670994757118629e-224,3.7878183836605476e-224,1.0670994757118625e-224,3.5992723533495143e-240,2.720718907948685e-224
500,484,1.6063185732380464e-226,5.723597950989611e-226,1.6063185732380459e-226,5.623863052108616e-242,4.117279377751565e-226
500,485,2.2710836970670468e-228,8.123136963163434e-228,2.271083697067046e-228,8.787286018919713e-244,5.852053266096388e-228
500,486,3.0040789643744e-230,1.0785869911819685e-229,3.004078964374399e-230,9.153422936374701e-246,7.781790947445286e-230
500,487,3.7011239807487465e-232,1.3339227046414754e-231,3.7011239807487465e-232,0.0,9.638103065666007e-232
500,488,4.22552210916865e-234,1.5287293628989402e-233,4.2255221091686514e-234,1.1173611982879273e-249,1.106177151982075e-233
500,489,4.444019746715497e-236,1.6139103492861292e-235,4.444019746715497e-236,0.0,1.1695083746145795e-235
500,490,4.275587511417242e-238,1.558663710047034e-237,4.275587511417242e-238,0.0,1.13110495890531e-237
500,491,3.73196465936914e-240,1.3656749522938876e-239,3.731964659369138e-240,2.131197353912215e-255,9.924784863569738e-240
500,492,2.9257562660559475e-242,1.0747344325134691e-241,2.9257562660559442e-242,3.329995865487836e-257,7.821588059078747e-242
500,493,2.034718933217697e-244,7.502752895225407e-244,2.034718933217695e-244,1.9511694524342788e-259,5.4680339620077115e-244
500,494,1.2356592711848373e-246,4.573704967674629e-246,1.2356592711848352e-246,2.0324681796190404e-261,3.3380456964897936e-246
500,495,6.419009200960191e-249,2.3850122291736517e-248,6.419009200960183e-249,7.939328826636877e-264,1.7431113090776335e-248
500,496,2.773189458940173e-251,1.034321019147797e-250,2.7731894589401712e-251,1.9383127018156437e-266,7.570020732537798e-251
500,497,9.565470970762302e-254,3.581255986256871e-253,9.565470970762302e-254,0.0,2.6247088891806405e-253
500,498,2.4695708186133326e-256,9.281190557419033e-256,2.4695708186133314e-256,1.1830521861667747e-271,6.811619738805703e-256
500,499,4.242034042851414e-259,1.6003300191181242e-258,4.242034042851414e-259,0.0,1.1761266148329828e-258
500,500,3.6360291795869266e-262,1.3769429912778366e-261,3.6360291795869266e-262,0.0,1.0133400733191438e-261
